BootyGantry-k1	0.0	18.7	10,25	200,200
BootyGantry-k1m	0.0	18.7	10,25	280,280
D3vilStock-k1	0.0	16.86	10,17	210,200
D3vilStock-k1m	0.0	16.86	10,22	290,280
Default-e3v3se	-23.0	-14.5	20,25	200,200
Default-f001	999	999	999,999	999,999
Default-f005	0.0	22.0	15,15	210,210
Default-k1	-16.0	0.0	10,10	210,210
Default-k1m	-16.0	0.0	10,10	287,287
Pellcorp-e3v3se	-18.0	0.0	15,15	205,205
Pellcorp-k1	0.0	16.86	10,17	210,200
Pellcorp-k1m	0.0	16.86	10,22	290,280
PurcellV5-k1	-18.665	0.0	10,10	207,200
PurcellV5-k1m	-18.665	0.0	10,10	287,287
SimplyHexed-f004	0.0	-30	15,15	370,370
SkeletorMK7-k1	0	-22	10,5	210,200
SkeletorMK7-k1m	0	-22	10,13	290,273
SkeletorRightAngle-k1	-24.0	0.0	10,10	200,203
SkeletorRightAngle-k1m	-24.0	0.0	10,10	275,290
